,id,n,e,s,w,t
0,42266617929,327,3,3984,3985,1111
1,21858133810,10,5531,4279,8,1111
2,21858133803,3162,4306,9,3160,1111
3,42495943806,75,1892,-1,1896,1101
4,21113456708,3927,3932,80,77,1111
5,12266611313,79,-1,381,2119,1011
6,11855447852,81,83,2086,-1,1110
7,13232998301,93,4968,-1,97,1101
8,13232998302,96,98,-1,4959,1101
9,13232998300,107,103,4948,-1,1110
10,13232998298,4957,106,108,-1,1110
11,13232998290,5594,-1,123,119,1011
12,13232998292,124,-1,4967,122,1011
13,13232998288,133,129,4958,-1,1110
14,11688832110,3116,-1,279,275,1011
15,42265994474,301,2524,3481,2516,1111
16,18174202193,414,-1,323,325,1011
17,12376831910,1112,1114,351,-1,1110
18,12265547675,392,394,390,-1,1110
19,22265546170,4247,4251,4665,391,1111
20,12495940891,609,-1,4918,409,1011
21,42167350525,4409,4736,4407,529,1111
22,12376832073,543,-1,1124,1126,1011
23,17964109551,580,578,2995,-1,1110
24,24745453580,632,681,602,579,1111
25,17964109539,601,597,3736,-1,1110
26,22262734391,3448,-1,631,2997,1011
27,47963908188,2406,669,2260,-1,1110
28,17950339647,757,761,3118,-1,1110
29,17950339654,1801,764,762,-1,1110
30,15370190506,1208,871,1791,-1,1110
31,22997447965,932,934,929,-1,1110
32,42167350438,5376,4183,5314,973,1111
33,22372851275,4191,4202,4190,977,1111
34,22318148293,1035,4188,5761,5766,1111
35,14524570911,1085,-1,1046,1044,1011
36,14524567420,1819,-1,1086,1084,1011
37,14415167352,5649,-1,3028,1105,1011
38,22265616182,3671,1109,1328,3674,1111
39,42376831913,2553,1125,2673,1113,1111
40,22997555592,1120,1122,1117,-1,1110
41,12368055825,1135,4722,-1,1807,1101
42,12368055826,4719,1138,1140,-1,1110
43,12368055828,1139,1391,5574,-1,1110
44,27215498332,4165,1680,1682,1175,1111
45,22317896116,1681,1223,-1,1582,1101
46,12558387348,2368,-1,1233,1249,1011
47,18146897356,1799,1515,1256,-1,1110
48,15963236852,2365,-1,1296,1294,1011
49,102265986886,2606,2351,2350,1305,1111
50,42265954825,2616,2617,1317,2567,1111
51,42262731975,1327,5134,5542,5672,1111
52,17963657231,1798,1796,1347,-1,1110
53,18146897345,1350,-1,1513,1517,1011
54,12511369542,1536,1419,-1,1534,1101
55,12511369531,1422,1535,1541,-1,1110
56,23065251543,4070,1425,4021,-1,1110
57,12265785501,1889,1432,1428,1430,1111
58,22265784414,1433,1429,2930,-1,1110
59,21819482277,1436,2506,1438,2939,1111
60,31821022083,1464,1445,4270,4272,1111
61,11855447825,1473,-1,1452,1450,1011
62,11846340367,2028,2024,1463,2026,1111
63,11855180495,1470,1468,2083,-1,1110
64,21855447792,2020,2074,2072,1469,1111
65,22290141841,1481,2233,5519,5427,1111
66,22476530516,1489,4008,1840,-1,1110
67,25670833558,3401,1523,2593,3880,1111
68,12310678620,1533,1537,2102,-1,1110
69,12511352942,2048,1539,1543,-1,1110
70,12167339245,1544,1542,2099,-1,1110
71,14725324384,1587,-1,4131,4157,1011
72,12558215219,4627,5012,4837,1601,1111
73,12316945358,4871,4990,4988,1663,1111
74,13987210067,2070,2068,1735,2066,1111
75,11539431139,1765,5143,5718,-1,1110
76,12266066129,1783,3388,3386,3397,1111
77,12419690280,3390,3392,1785,3394,1111
78,22657304465,3164,1821,-1,3166,1101
79,11855180486,1855,1886,1853,1859,1111
80,31855180462,1883,2108,1996,1854,1111
81,12269071757,1858,1888,1856,2104,1111
82,11539431374,1860,1862,4777,1864,1111
83,21855173338,1861,1995,4281,4312,1111
84,11831942195,1863,5084,5217,-1,1110
85,18080277832,1865,1867,-1,1884,1101
86,38184143792,1871,2675,2504,1868,1111
87,18184197247,1881,1872,1870,1879,1111
88,12265578512,1874,1876,1877,-1,1110
89,12528988936,1878,1885,1887,-1,1110
90,22495942132,5822,5820,1894,1891,1111
91,12495948272,1893,1964,1962,1921,1111
92,42495940889,4917,1895,5373,4624,1111
93,14466467203,1956,1914,1897,-1,1110
94,32495943790,1898,1908,1916,5497,1111
95,42496147843,1925,1903,1971,1899,1111
96,14432839938,1900,1902,2409,-1,1110
97,17275997034,2413,-1,1906,1904,1011
98,14466467196,5172,-1,1907,1913,1011
99,14466465090,1943,1947,1955,1910,1111
100,12495955670,4739,1911,5916,-1,1110
101,22495943787,1915,-1,1930,1918,1011
102,12496184031,1978,1917,1980,1982,1111
103,42495953701,1919,5170,-1,5549,1101
104,22496179183,4714,5799,1924,4716,1111
105,12496179177,1986,1984,1988,1927,1111
106,12496181839,1929,1931,1966,1937,1111
107,18157978010,1934,1936,1932,-1,1110
108,22496181838,3276,3527,3776,1933,1111
109,18157978009,1935,5641,1970,1968,1111
110,12496184026,1938,1942,1940,-1,1110
111,12496181840,1979,1939,4783,3443,1111
112,12496184024,1941,5706,5708,-1,1110
113,12495955667,1958,1960,1953,1945,1111
114,12495955664,1954,1950,1952,1948,1111
115,12495955657,1951,5236,-1,5171,1101
116,22495952959,1961,5381,1957,5169,1111
117,24061954313,1965,1967,1989,1976,1111
118,12647332106,1969,3332,3033,-1,1110
119,22657386265,4784,1975,4785,4794,1111
120,12496184034,4749,1981,5010,-1,1110
121,12496147842,3030,2683,2681,1983,1111
122,12496185725,3034,3032,1985,-1,1110
123,42167350479,5790,2279,1993,4511,1111
124,42167350456,1994,2081,1998,2106,1111
125,42265990106,1997,5754,5770,4449,1111
126,22266103299,2013,4983,-1,2007,1101
127,41855180474,2008,2103,2010,2093,1111
128,21858133824,2009,5218,3161,3157,1111
129,21833839909,2096,2014,2011,2098,1111
130,41864181803,2444,2012,2094,2016,1111
131,22268051430,2018,2015,3158,3156,1111
132,12341659689,3212,3214,2017,-1,1110
133,62269055073,4642,2543,2019,5828,1111
134,42167350445,2021,4450,5529,4452,1111
135,42365406897,2105,2022,2054,2055,1111
136,23776050335,3865,2025,3890,3887,1111
137,12341658402,4381,-1,5156,2027,1011
138,44052836274,3363,2035,3125,2082,1111
139,12265780657,2041,-1,2100,2039,1011
140,12265780655,2101,-1,2046,2044,1011
141,21833839912,2945,2949,2095,2060,1111
142,12268041906,2848,2846,-1,2061,1101
143,23987210068,5013,2065,5268,5279,1111
144,23137016667,4510,4507,2069,4599,1111
145,22537547953,2084,2085,2087,2107,1111
146,11833839901,2090,2088,5607,2092,1111
147,12269062569,4282,-1,2089,4284,1011
148,12356917146,2091,-1,3321,5612,1011
149,31864181846,5682,4829,2097,3814,1111
150,41716318413,3773,5551,2110,4231,1111
151,21704581845,2114,2111,4354,4355,1111
152,42498076519,2116,2117,3949,2112,1111
153,12266617365,4360,4121,2113,4362,1111
154,21699684894,4135,-1,2115,4117,1011
155,22279140519,2123,2141,3333,2126,1111
156,32167339187,2933,3795,2124,3601,1111
157,22312814668,3563,2125,3307,3309,1111
158,62265980787,2160,-1,2127,3666,1011
159,62265979951,2128,-1,2230,2352,1011
160,28326565267,5384,-1,2131,4537,1011
161,61704581729,2132,2133,2136,3406,1111
162,62377922396,5242,2134,5383,4433,1111
163,42266601743,2135,-1,4540,5082,1011
164,22228380114,2143,-1,4542,2146,1011
165,52265640674,3201,2147,4457,4479,1111
166,41699684809,3195,-1,3692,2148,1011
167,42558386725,4581,2149,2271,-1,1110
168,33127613057,3658,3655,2150,3738,1111
169,42167350521,2991,2151,4405,4575,1111
170,22294477573,2988,-1,2869,2152,1011
171,42262694919,2153,4317,4232,4307,1111
172,42317925156,2156,4553,2154,2819,1111
173,22317925161,2158,2155,4211,5918,1111
174,22228054495,4802,4636,4807,2157,1111
175,61704581791,5702,-1,2159,4742,1011
176,31849299017,2161,3800,3797,2316,1111
177,11831942200,5063,2162,3833,3973,1111
178,22279103918,2166,2163,3871,3555,1111
179,42462438377,2487,-1,2690,2164,1011
180,22279103915,2468,2465,2165,3543,1111
181,42533615744,2173,2212,3734,2210,1111
182,41688832616,3979,2303,2174,2301,1111
183,42265643527,4455,2175,5687,3707,1111
184,42533598497,2178,3845,2176,3604,1111
185,22265643526,2180,2177,4687,-1,1110
186,12265701231,3728,3726,3513,2183,1111
187,42265964958,3519,2187,2510,2228,1111
188,42269337488,4364,2967,2191,-1,1110
189,42269337483,3518,2192,2964,-1,1110
190,42312841302,4224,3629,2193,4233,1111
191,52312845522,2195,4220,4297,4238,1111
192,21699684720,5459,2206,2203,-1,1110
193,41699684717,2204,3603,2244,3691,1111
194,12266609634,4686,4688,-1,2205,1101
195,42266609387,4439,2209,4482,5688,1111
196,44417254419,3351,2646,5401,2211,1111
197,22265598024,5671,2220,2217,-1,1110
198,42265609806,3913,2218,3650,2224,1111
199,12341634922,5543,5513,-1,2219,1101
200,1494783226,3770,2790,2221,-1,1110
201,34537648089,2222,2741,3745,3881,1111
202,22341632988,2223,3697,5368,2226,1111
203,42294468196,3521,2227,4004,4126,1111
204,32265979954,2229,-1,5281,2232,1011
205,22265979950,2349,2231,3137,2590,1111
206,28149179929,4480,-1,2235,5760,1011
207,43127600869,3955,2236,3704,-1,1110
208,22266100220,2262,2259,2239,4185,1111
209,41699684715,4458,2243,4456,4551,1111
210,32533627177,3733,-1,2245,2248,1011
211,32294482198,2246,3837,3402,3657,1111
212,42265642147,4481,2247,2265,5782,1111
213,42377925203,5228,4434,5387,2249,1111
214,42377922394,3062,3059,2250,3615,1111
215,48326565264,5388,4538,2251,2479,1111
216,42265974383,2252,3405,2608,2619,1111
217,22266688652,5535,2256,2253,4221,1111
218,44753905681,2254,2826,2829,2258,1111
219,42265531446,4298,2257,4315,-1,1110
220,48173550558,2263,4582,4662,4663,1111
221,42315628454,3694,2266,3737,2264,1111
222,22495964975,5808,2270,2267,-1,1110
223,42269046767,3501,2268,-1,2369,1101
224,12495960011,2269,3238,3236,2913,1111
225,12344396757,2277,4068,4066,4015,1111
226,42167350474,2588,5992,3364,2280,1111
227,42377920955,5580,4432,5227,2281,1111
228,22294457727,3597,2282,3060,-1,1110
229,22315564647,4385,2288,2285,-1,1110
230,42265539002,3255,2286,3580,2290,1111
231,12364625933,2287,3584,3582,3073,1111
232,32315566188,2289,3077,5377,-1,1110
233,41831949070,5380,4565,3371,2291,1111
234,42312835925,3299,2292,3368,-1,1110
235,43154123915,4560,4643,2297,2293,1111
236,42364318795,2295,2474,2958,-1,1110
237,42262694914,2298,3916,-1,4162,1101
238,42266586225,3653,2299,3661,2364,1111
239,41688832207,2362,2305,2408,3915,1111
240,41716318255,2356,2308,2360,2306,1111
241,52266645273,2354,3839,2334,2307,1111
242,12988802962,2311,2857,3495,-1,1110
243,12988801290,3503,2312,2977,2314,1111
244,22988796383,2313,2492,2489,-1,1110
245,22312800881,2315,4250,4248,-1,1110
246,22258103392,4441,2328,2325,-1,1110
247,42312836822,3858,3855,2326,3517,1111
248,22269337486,2327,-1,4366,4363,1011
249,32265642146,3708,5781,2335,3525,1111
250,12265644164,3524,2336,3693,2338,1111
251,22312845533,4273,2342,2339,4276,1111
252,42265538652,2340,3215,2372,3168,1111
253,14417213305,3690,3688,3271,2341,1111
254,21960670577,4979,-1,2343,4982,1011
255,41960670521,2344,3407,2384,3902,1111
256,41575144483,2439,3999,2345,3567,1111
257,32266644019,3896,4638,2353,2357,1111
258,22265589571,3892,2358,2355,3894,1111
259,32265589575,3893,2361,4644,5656,1111
260,42266588118,3575,2363,4368,4550,1111
261,28173550550,2366,2367,3656,-1,1110
262,22312845555,2371,-1,5087,2374,1011
263,12315610890,2373,5092,3177,-1,1110
264,22279138168,2375,3039,3301,2378,1111
265,42265539339,2379,2469,2376,2471,1111
266,12315568305,3283,2377,3265,3285,1111
267,12643566301,3045,2382,2380,-1,1110
268,22643048857,3048,-1,4926,2381,1011
269,22266686663,2383,3310,3312,2386,1111
270,12312811315,3903,2385,4293,-1,1110
271,22496234917,5619,-1,2390,2387,1011
272,42265709277,2478,2388,2488,2466,1111
273,12496234895,2389,-1,2694,2692,1011
274,42462439881,3439,2392,3933,2513,1111
275,14151698812,2402,2398,2400,-1,1110
276,12265701247,2740,2736,2738,2401,1111
277,22262704810,4209,4217,-1,2405,1101
278,12265692795,2407,-1,5700,3873,1011
279,42496139906,2484,2410,2411,-1,1110
280,42657466588,2494,-1,2414,2415,1011
281,22269052303,2971,3767,2420,2417,1111
282,22376827363,3493,2424,2421,-1,1110
283,32265974380,2542,2422,2554,-1,1110
284,24747126111,2434,2431,-1,4703,1101
285,12279103916,3872,3619,2433,3870,1111
286,22266617925,4471,2438,2435,-1,1110
287,42266620898,2436,3832,3917,-1,1110
288,12266617364,2437,4465,5640,-1,1110
289,21864181849,3813,-1,2443,4999,1011
290,42167350398,5409,2445,4913,4806,1111
291,42265981942,3259,2456,2565,2446,1111
292,24467970161,2450,2447,4640,5507,1111
293,42462426825,3934,-1,3427,2448,1011
294,12497199162,5512,5510,2449,5471,1111
295,42269045418,3323,2451,2813,5235,1111
296,22495954797,3591,4547,2454,2452,1111
297,13232887684,2453,5161,5350,-1,1110
298,42265986898,3995,4741,2707,2455,1111
299,22310667268,2457,3905,4419,2460,1111
300,41832074425,2462,3314,2458,3798,1111
301,12312840247,2459,4255,4249,-1,1110
302,21855173331,4303,2464,2461,4205,1111
303,11833839911,3320,3322,3318,2463,1111
304,18150440182,3550,3552,2467,3548,1111
305,24716556181,2728,2725,2730,2470,1111
306,22315566112,2472,3281,3274,3269,1111
307,42496075697,2475,5295,2961,2473,1111
308,22266644132,3428,-1,2477,3430,1011
309,22345390055,2481,-1,4720,4721,1011
310,42294475552,3535,2490,2541,2482,1111
311,22496139907,3935,2486,2483,3149,1111
312,12496179189,3942,3940,-1,2485,1101
313,22265974388,2491,2978,-1,3494,1101
314,12496185720,3340,3342,2687,2495,1111
315,22647336779,3328,2496,3029,3031,1111
316,12265598032,5514,3757,3609,2497,1111
317,12355585415,2498,3360,2500,3695,1111
318,22341632971,2502,2499,3611,5829,1111
319,12265609804,3698,3651,2501,3700,1111
320,31855447860,4903,5827,2503,-1,1110
321,11819482289,4153,4170,-1,2505,1101
322,42300508824,5577,4725,5579,2507,1111
323,41688832130,3562,2508,3598,3061,1111
324,22290141839,2509,-1,3021,2512,1011
325,22462451709,2514,5661,4609,5505,1111
326,42265999390,2515,4650,4795,-1,1110
327,42518510649,2627,2529,2705,2517,1111
328,12228468575,2520,2518,3081,-1,1110
329,42167350736,4819,3499,2523,-1,1110
330,42265980781,2566,2760,2533,2778,1111
331,42265979953,2534,2591,2538,2701,1111
332,21688832203,2537,2589,3132,-1,1110
333,14065937198,2545,2549,-1,2586,1101
334,14065937200,2979,2548,2546,2597,1111
335,14065937197,2551,2585,3001,3277,1111
336,12655990974,2926,2928,2924,2557,1111
337,22294450785,3436,3431,2559,-1,1110
338,42265979944,2560,2568,2562,2563,1111
339,22294474005,2561,3335,3883,-1,1110
340,22294519999,2577,2864,-1,2573,1101
341,22265974386,2576,2574,-1,2853,1101
342,42462456270,2779,2579,3751,3600,1111
343,14750978196,3417,2581,2780,-1,1110
344,42167350485,2870,3467,2587,5102,1111
345,42265986889,2708,3665,2605,2759,1111
346,14417242882,2607,-1,2766,2764,1011
347,11960670536,2610,2612,5609,-1,1110
348,14417242883,2620,-1,2761,2771,1011
349,22265993880,2648,5588,3383,2621,1111
350,62265994477,3410,2622,3355,2624,1111
351,22265999393,3415,2623,2634,5361,1111
352,41688832104,2625,5417,3593,5382,1111
353,42495758725,3296,3365,2626,5819,1111
354,22265998697,2633,3357,3456,5364,1111
355,14456492034,5606,2698,2641,-1,1110
356,31688832624,3844,2642,2695,5696,1111
357,12294450725,3348,-1,2643,2645,1011
358,12294452040,2644,3433,3435,-1,1110
359,22265993879,3500,4613,2647,3411,1111
360,12364631083,2649,2651,3192,-1,1110
361,12643579677,2656,2654,2658,2652,1111
362,12643579675,2657,3194,3019,3011,1111
363,11855447858,4855,2667,4641,5096,1111
364,12279157304,2678,-1,2680,2676,1011
365,31858135117,3120,2677,3852,3853,1111
366,12496184812,2688,2686,-1,2684,1101
367,12496179174,5008,5006,-1,2685,1101
368,12884994091,2691,3618,-1,2689,1101
369,12496234872,2693,3624,3626,3622,1111
370,14465986735,2697,-1,3769,2696,1011
371,42265980785,2711,2777,2709,3373,1111
372,12643579672,2776,2774,2727,-1,1110
373,12643579670,2729,3044,3042,3040,1111
374,42279114264,3505,2734,2732,2735,1111
375,12330200511,3510,-1,2733,3508,1011
376,12265701257,3514,3512,2739,-1,1110
377,11539431224,3599,-1,2742,2789,1011
378,12988802961,2743,2745,3180,-1,1110
379,12294519995,2765,2767,2744,-1,1110
380,14425990314,2746,2752,2748,2750,1111
381,12988802952,2747,5994,-1,5955,1101
382,12988802957,2865,2749,6004,-1,1110
383,12988802955,5998,-1,5996,2751,1011
384,24417243590,2867,2762,2763,3240,1111
385,21688832114,3616,3115,2768,2769,1111
386,12376825111,2772,2770,3181,-1,1110
387,12643579673,3020,3018,2775,3016,1111
388,42167350405,3404,5767,2815,5797,1111
389,12268027585,2820,-1,3223,3219,1011
390,22265596118,2879,2824,2821,-1,1110
391,42354707143,2822,5318,2831,5330,1111
392,12265596089,2886,2888,2884,2823,1111
393,22265596080,2832,2833,3910,3907,1111
394,12265596106,2838,-1,2834,2836,1011
395,22262723255,2883,-1,2835,5317,1011
396,22228429973,5725,-1,2852,2847,1011
397,12228430751,2851,2849,2948,2946,1111
398,22265974381,2854,2855,3504,-1,1110
399,12988802960,2856,-1,5969,2858,1011
400,22265598038,5481,2860,2862,3607,1111
401,44065973395,3140,2861,3843,4555,1111
402,22376825101,3179,3182,2866,2863,1111
403,22301010235,2871,2875,2877,-1,1110
404,21688832303,3308,2874,2872,-1,1110
405,22301010914,2873,3334,5450,2899,1111
406,22301010910,2878,2897,3470,-1,1110
407,22265604739,3755,2882,2880,2889,1111
408,12265604737,3681,-1,2885,2881,1011
409,12265604745,2896,2890,2892,2894,1111
410,24147793789,5329,5331,5482,2891,1111
411,12265598025,3610,2893,3608,3141,1111
412,12265598022,3677,2895,3758,-1,1110
413,22265532961,2898,2900,5445,3475,1111
414,42266601744,2911,5067,3849,5704,1111
415,12315566109,2918,2916,2922,2920,1111
416,12315562420,5321,3079,2917,5327,1111
417,12558205491,5273,2919,6001,-1,1110
418,12310667044,4257,4949,2925,5144,1111
419,14020940519,4951,4992,4287,2927,1111
420,17782495626,2929,2931,3632,-1,1110
421,12279221091,4099,2936,2934,2932,1111
422,14176573994,3541,3828,-1,2935,1101
423,12265669306,2940,-1,3637,2942,1011
424,22228430754,5147,5151,2951,2947,1111
425,22266103309,2952,-1,5103,2950,1011
426,22496075695,2962,4734,4731,2960,1111
427,22269336239,2963,2965,3300,-1,1110
428,22269336236,2968,5229,5379,2966,1111
429,12269052324,2974,2972,2976,-1,1110
430,15358546232,3421,3804,2973,-1,1110
431,12462433196,3861,-1,2980,2982,1011
432,12294477561,3228,-1,2987,2989,1011
433,22167350548,5494,2990,2992,5139,1111
434,42310676427,3978,3006,3003,4174,1111
435,22315619215,3014,3009,3015,3046,1111
436,12279138158,3191,3012,3010,-1,1110
437,22643048422,5166,-1,3047,3017,1011
438,52167350566,3022,6032,3244,5780,1111
439,22964047189,4003,3023,5294,4006,1111
440,14415167329,3027,-1,3772,3025,1011
441,12364627250,3041,3304,3306,3257,1111
442,12228468583,4073,4071,3050,-1,1110
443,12294452043,3055,-1,3432,3434,1011
444,12418989037,3057,-1,3338,3336,1011
445,22315621925,3579,3074,3071,3075,1111
446,12558331453,3078,3076,-1,3080,1101
447,22379198541,3763,3086,3084,3153,1111
448,12496139916,3087,3091,3292,-1,1110
449,12496184035,3446,3444,3095,3089,1111
450,12657455924,3096,3098,3094,3092,1111
451,22496184029,3093,4793,-1,3294,1101
452,12294471861,4078,-1,3377,3111,1011
453,42462464996,3124,3900,3122,3119,1111
454,41819484403,5793,-1,5913,3121,1011
455,42294477575,3126,5765,3403,5753,1111
456,22265979961,3131,3135,3561,3134,1111
457,12988796391,3133,-1,5968,5966,1011
458,22265979945,3138,5283,5578,3136,1111
459,22265604743,3605,3142,3139,3143,1111
460,12341632984,3148,3144,-1,3146,1101
461,18429268503,4800,3145,-1,4635,1101
462,12265606449,3612,3361,3147,3614,1111
463,12657347936,3937,3151,4770,-1,1110
464,21856523362,3155,3159,3437,-1,1110
465,2113173,3898,3163,3667,5432,1111
466,1113215,3668,3165,-1,3670,1101
467,22365269960,3170,3167,3171,5851,1111
468,12558206935,4275,3169,5191,-1,1110
469,12315610903,3172,3178,3174,3176,1111
470,12530838823,3190,3188,3186,3184,1111
471,22643048853,5426,5423,5165,3193,1111
472,21699684843,3805,3198,3196,3199,1111
473,13127586075,3810,3812,3197,-1,1110
474,13127586099,3204,3200,3202,3206,1111
475,12266611263,3818,3816,3203,3820,1111
476,12266611286,4484,3819,3205,3957,1111
477,22262705447,3226,3224,3209,4309,1111
478,12269341905,4379,4993,3211,-1,1110
479,12341659688,4995,5000,-1,3213,1101
480,12315559194,3245,3218,3216,-1,1110
481,12315561601,3217,3254,3252,3250,1111
482,12262704763,4214,4212,3225,4210,1111
483,42294477570,3243,5983,3227,5787,1111
484,22495964960,3235,5193,5070,5068,1111
485,22495960010,5814,4696,4693,3237,1111
486,22315559184,3272,3270,3248,3246,1111
487,12315561071,3247,3289,3298,3253,1111
488,22315568301,5088,3249,5238,5090,1111
489,12315566368,3251,5395,5391,-1,1110
490,12315566369,3266,3262,3264,3268,1111
491,12315566371,3287,3267,6020,5393,1111
492,12315566110,3273,3286,3288,3290,1111
493,12496139914,3291,3293,3936,3938,1111
494,12315566370,3297,5394,5323,5396,1111
495,22558225546,4935,5210,5207,3303,1111
496,12558336279,3305,5399,4977,3583,1111
497,22265542539,4289,3311,3471,3630,1111
498,21539430959,3317,3901,3316,3313,1111
499,12310667265,3315,-1,3904,3906,1011
500,12356917153,4283,5611,3319,4246,1111
501,12495955658,3588,3590,3592,3325,1111
502,22647336782,3775,3330,3327,3331,1111
503,12496185727,3778,3780,3339,3329,1111
504,12418989085,5965,6015,3337,-1,1110
505,12496147927,5339,5303,6014,3341,1111
506,12265981940,3349,3374,-1,3347,1101
507,22265981943,5841,3350,3352,5844,1111
508,22265998699,3356,3381,3451,3358,1111
509,22265606451,3359,-1,3606,3362,1011
510,22341657135,3367,3369,3866,-1,1110
511,22268051429,3372,4378,-1,3370,1101
512,22265998695,3384,5583,3459,3382,1111
513,22265998698,3482,3412,3409,3413,1111
514,22265999391,4649,3414,3416,4652,1111
515,22266611306,3920,3426,3424,3419,1111
516,12269052329,3420,-1,3801,3422,1011
517,12266611309,3924,3922,3926,3425,1111
518,15993369580,3429,3966,3964,-1,1110
519,12657408789,4781,-1,3445,5938,1011
520,22265994478,3452,3457,3461,3454,1111
521,22265998692,3455,3453,3466,5436,1111
522,22265993881,3460,-1,3479,3458,1011
523,22266000321,3462,3477,3483,3464,1111
524,22330666662,3465,3463,3488,-1,1110
525,22266688650,3472,3469,3473,3627,1111
526,22266688645,3474,3476,4222,4219,1111
527,27984081039,3480,5486,3491,3478,1111
528,22265994475,3484,3489,3520,3486,1111
529,22265999389,3487,3485,3522,3991,1111
530,24418305493,3492,5176,5178,3490,1111
531,12988802959,5044,5042,-1,3497,1101
532,22462435924,3722,-1,3506,3511,1011
533,22330200502,3507,3754,3759,-1,1110
534,23127600854,3703,3705,3526,3523,1111
535,12496184814,3534,3530,3532,3528,1111
536,12496147931,5349,5405,5335,3529,1111
537,12496185738,3531,5226,5224,-1,1110
538,24426335535,3824,3542,3537,-1,1110
539,22167339199,3540,3538,4100,4097,1111
540,22265701209,3546,3544,3553,3840,1111
541,12497199155,3842,3547,3545,-1,1110
542,14659830063,3965,-1,3549,5987,1011
543,22368050168,3570,3568,-1,3967,1101
544,12266586221,3571,3654,3573,-1,1110
545,12365228809,4103,5496,5499,3572,1111
546,22266588115,4617,3574,3576,4341,1111
547,13193379063,4858,3578,-1,5660,1101
548,12364625938,3581,4975,-1,3585,1101
549,12495954799,5081,3587,5418,-1,1110
550,32495955655,4539,-1,4616,3589,1011
551,12265606450,5386,3613,4799,4803,1111
552,22265622305,3617,3621,3867,3620,1111
553,21704581872,3918,3641,3645,3919,1111
554,14499822105,3831,-1,3642,3644,1011
555,11704581855,5669,3648,3646,-1,1110
556,22266621366,3647,5517,3923,-1,1110
557,32265609807,3696,3652,3649,-1,1110
558,22266588122,4367,3660,-1,4370,1101
559,12496190578,4569,3669,-1,4773,1101
560,12265616179,3673,3914,-1,3771,1101
561,22265607412,3675,3679,3756,3678,1111
562,22341634921,5541,-1,3676,5544,1011
563,12265607410,3686,3684,3682,3680,1111
564,12497295552,5135,5567,3685,-1,1110
565,12265609805,5370,3699,-1,5372,1101
566,22295858214,3709,3713,3878,3712,1111
567,12266645276,3716,-1,3714,3718,1011
568,12265701221,4444,3869,4446,3715,1111
569,22265622310,3753,3724,3721,3725,1111
570,12265701261,3762,3760,3727,-1,1110
571,42462442650,5677,3731,5506,4857,1111
572,22266643020,3746,3749,3891,3748,1111
573,22266643006,3747,4885,4889,-1,1110
574,22262731981,3752,4610,3895,3750,1111
575,22265701223,4445,4704,3761,4706,1111
576,42228085950,3882,5589,3774,5658,1111
577,12496184813,5223,-1,3777,5642,1011
578,12496147929,5221,5251,5340,3779,1111
579,11539431343,4208,4206,3799,-1,1110
580,21699684864,3950,3808,3806,3815,1111
581,12266609639,4215,3954,3952,3807,1111
582,14417323065,3951,-1,4196,3809,1011
583,42265495849,3811,5697,4685,5460,1111
584,22266621138,4353,-1,3817,4606,1011
585,12497199157,5591,5988,3841,5990,1111
586,42269046160,3850,5501,-1,5593,1101
587,22265622307,3862,3859,3863,-1,1110
588,42279117147,4705,3943,5690,3877,1111
589,22265980788,3884,3885,3912,-1,1110
590,51688832620,3909,5439,5659,5605,1111
591,12266611289,4394,4392,4396,3921,1111
592,22293439596,3925,5516,5809,5811,1111
593,42167350673,3990,4125,3982,3931,1111
594,12496150240,5804,4715,5806,3939,1111
595,12496185744,5935,6009,3941,-1,1110
596,22266611303,4400,3958,3956,3959,1111
597,22266611259,4398,3960,3962,4391,1111
598,42501714741,3961,5759,5783,5515,1111
599,15993369578,4639,3963,5592,-1,1110
600,21831949063,4009,4266,3974,3971,1111
601,42379194149,4150,4147,3976,4167,1111
602,42326741453,4335,4346,3977,-1,1110
603,22372864241,3981,4005,5233,-1,1110
604,42334480044,3983,4846,4880,3987,1111
605,42266617540,3986,3988,4881,-1,1110
606,22265999392,5463,3992,3989,-1,1110
607,12293413515,5573,-1,4002,4000,1011
608,22268065690,4271,4010,4007,-1,1110
609,21688832234,4095,4161,4093,4032,1111
610,22344396762,4063,4065,4166,4044,1111
611,22266618355,4082,4080,4083,4136,1111
612,12266617372,4138,4140,4081,4142,1111
613,12265807684,4158,-1,4160,4105,1011
614,14725323514,4176,-1,4111,4133,1011
615,12266617366,4124,4118,4122,4120,1111
616,22266615229,5466,4119,4647,-1,1110
617,12266618501,4141,-1,4123,5467,1011
618,14725323505,4132,4130,4134,4128,1111
619,14725323498,5709,-1,4175,4129,1011
620,22266617926,4882,4879,4137,5461,1111
621,21819483619,4278,5094,4154,-1,1110
622,42167350454,5146,-1,4179,4546,1011
623,42167350433,4180,-1,4182,4201,1011
624,42372851043,4181,-1,5555,4203,1011
625,42167350420,5313,5747,5456,4187,1111
626,22167350418,4189,4204,4603,5748,1111
627,12372851274,4545,4192,4194,-1,1110
628,42167350469,5036,4193,5375,5991,1111
629,15343616577,4195,4200,4197,-1,1110
630,11831942180,5614,-1,4207,5616,1011
631,12262719816,5523,5917,4213,-1,1110
632,22262705444,4310,4308,-1,4218,1101
633,22312845563,4460,4226,4223,4285,1111
634,14698308197,4295,4225,4461,5034,1111
635,22354401275,4230,4227,4854,4851,1111
636,42265538654,4316,-1,4274,4228,1011
637,12997574937,4234,4236,4263,-1,1110
638,21832074419,4241,4245,4304,4928,1111
639,22268090004,4311,4244,4242,4314,1111
640,12312840251,4256,4254,4258,4252,1111
641,12310667045,4414,4416,4253,-1,1110
642,13028990930,4288,4286,-1,4261,1101
643,21858133815,4268,5065,4265,-1,1110
644,21820575520,4280,-1,4267,4269,1011
645,1494783221,4294,4290,4296,4292,1111
646,22265544789,4420,4291,4412,4413,1111
647,11831942215,5083,-1,5098,4305,1011
648,12266681110,4313,4932,4930,-1,1110
649,42228054479,5695,5657,4318,5438,1111
650,22266594371,4321,4324,-1,4320,1101
651,42266594372,4340,4549,4344,4323,1111
652,48170913947,5503,-1,4331,4325,1011
653,22326728211,4326,4329,4334,4328,1111
654,42265698997,4332,4435,4504,4330,1111
655,22380996132,4333,-1,5736,4338,1011
656,14748274668,4345,-1,5756,5758,1011
657,48164298432,4597,4348,4350,4351,1111
658,14641845972,4358,4356,-1,5713,1101
659,12331788845,4469,4361,4357,5458,1111
660,22266617937,4648,4359,4646,-1,1110
661,22167350629,4371,4430,4427,-1,1110
662,42167350612,5293,-1,5413,4372,1011
663,12341658404,4377,4384,4380,4382,1111
664,22643566297,5208,-1,5397,4386,1011
665,48164298452,4389,4595,4387,4598,1111
666,22266621365,5792,4393,5518,-1,1110
667,44006761788,4535,4397,5791,-1,1110
668,42266621364,4473,4592,4399,4536,1111
669,42167350492,4406,5101,4401,4711,1111
670,13137029377,4402,-1,5789,4404,1011
671,23137029378,4813,4403,5196,4816,1111
672,42167350484,4408,5085,4600,5014,1111
673,24697413703,4411,5033,5040,4418,1111
674,13028991037,4415,4952,4950,-1,1110
675,42381408549,5530,4578,5231,4425,1111
676,42381401108,5234,4428,5454,-1,1110
677,22167350618,4429,4505,4634,4631,1111
678,62377920256,5603,-1,5241,4431,1011
679,42258103393,4541,-1,5596,4442,1011
680,42167350458,5430,5441,4451,5526,1111
681,22316951359,4453,5179,5198,-1,1110
682,42265538647,4496,4518,4492,4454,1111
683,24697412265,5039,4462,4459,4991,1111
684,22266617370,4463,5457,5490,4466,1111
685,42266617927,4468,4464,4472,-1,1110
686,22331788844,4645,4470,4467,-1,1110
687,24006765917,5489,5487,4474,5644,1111
688,44051539069,5428,4477,5411,6031,1111
689,42381398672,5520,-1,5527,4478,1011
690,22330206181,4608,4605,4483,4591,1111
691,42265699010,4485,5689,5504,5663,1111
692,38363509243,4486,4488,4490,-1,1110
693,18363509242,4680,4487,4678,-1,1110
694,22312845543,4491,-1,5269,4494,1011
695,12316951362,5180,4493,5182,5184,1111
696,22316939604,5237,-1,4495,5240,1011
697,42364532052,4502,-1,4498,4544,1011
698,42381395429,5528,-1,4501,4698,1011
699,42167350585,5414,4574,5492,4506,1111
700,42365409354,5195,4512,5015,4508,1111
701,13137029382,5062,4815,4509,5060,1111
702,22315561619,5392,5390,4520,4517,1111
703,12315562414,4519,5272,5274,5259,1111
704,42228054497,4558,4751,4756,4521,1111
705,12318296662,4755,-1,4526,4524,1011
706,12364624316,4838,4842,4840,4531,1111
707,42167350483,5545,4543,5038,5023,1111
708,42269045987,4615,-1,4654,4548,1011
709,42228054474,4556,4810,4554,4808,1111
710,22265609808,5367,5369,4557,4585,1111
711,22266643031,4893,4559,-1,5552,1101
712,22265998694,4651,5365,-1,4561,1101
713,2113220,4567,-1,5431,4570,1011
714,42496154232,4571,4769,4568,4771,1111
715,44061913413,5779,5788,5493,4573,1111
716,42294468174,4576,4817,4620,-1,1110
717,22372852612,5771,5798,-1,4577,1101
718,12316951358,5407,-1,4943,4589,1011
719,22167350401,4604,4601,-1,5796,1101
720,42381405048,5556,-1,5701,4602,1011
721,33987268096,5629,4614,4611,-1,1110
722,23137016669,4622,4619,4709,5053,1111
723,13137016671,5028,5026,4621,-1,1110
724,42269046797,5823,4623,5815,5817,1111
725,22316945355,4987,5286,4628,4625,1111
726,12167350588,4633,5142,5115,5111,1111
727,14467966834,5469,5508,-1,4637,1101
728,23232887679,4653,-1,5158,4656,1011
729,12496185743,4655,5164,5162,-1,1110
730,22496149794,4657,-1,5548,4660,1011
731,32496154224,4718,-1,4658,4744,1011
732,12496185722,5250,4659,5254,5252,1111
733,52318297355,5623,4730,4728,4671,1111
734,14830559967,4859,-1,4679,4970,1011
735,42374659365,4765,4681,4748,5599,1111
736,42495758300,4700,4684,4702,4682,1111
737,42364207806,5915,5498,4713,4683,1111
738,22495960007,5816,4692,4689,4695,1111
739,42269046799,4690,4723,-1,5597,1101
740,22495960005,5374,5310,5305,4691,1111
741,42266601741,4694,5598,-1,5194,1101
742,42167350496,5412,4697,5546,5219,1111
743,32495953704,5306,5308,4699,4724,1111
744,23137016668,4710,4707,4738,4735,1111
745,42167350500,4818,4712,4814,4708,1111
746,22496181834,5157,-1,4717,5160,1011
747,62294487339,5571,-1,5604,4726,1011
748,22228054477,4729,4804,4801,5420,1111
749,42496159799,4732,4758,4759,4761,1111
750,18169536372,4737,-1,5061,5057,1011
751,42269046760,5550,4740,5307,-1,1110
752,22496185728,4746,4743,5249,5333,1111
753,12496185732,5338,-1,4745,5225,1011
754,22228054488,5371,5624,4754,4752,1111
755,12265609809,4753,5626,5628,-1,1110
756,12495967010,4764,5600,4780,5502,1111
757,11314098778,4778,-1,5311,4776,1011
758,12496185746,4786,4788,4792,4790,1111
759,12496184023,5707,-1,6012,4787,1011
760,12496185747,5009,4789,5936,-1,1110
761,12496185740,4791,5801,5803,6010,1111
762,22265604095,5213,5437,-1,4809,1101
763,12364624317,4839,5278,5049,5003,1111
764,12316954073,5357,5934,5932,4841,1111
765,12316945356,4870,4872,4868,-1,1110
766,12315610886,5835,5951,5353,4869,1111
767,14541699909,4886,-1,5655,4888,1011
768,13187992011,4892,4890,4887,4894,1111
769,11835415551,4931,4927,-1,5618,1101
770,11314098770,5312,4929,5071,5075,1111
771,12341656703,5118,-1,4953,4955,1011
772,22265638984,4961,-1,5145,4964,1011
773,32265638983,4965,4963,5035,-1,1110
774,12643048405,4971,-1,4973,5422,1011
775,12643566284,4978,4974,-1,4976,1101
776,21832074411,5610,5685,4980,5608,1111
777,22301000012,5104,4986,4984,-1,1110
778,12301000013,4985,5106,-1,5108,1101
779,12315615857,5292,5290,4989,-1,1110
780,12341658401,4998,4996,4994,-1,1110
781,12496185718,5253,5302,5007,5304,1111
782,12315616666,5287,5205,5358,5011,1111
783,13987241419,5116,-1,5027,5114,1011
784,42167350403,5455,5795,5032,5763,1111
785,12988802956,5970,5945,-1,5041,1101
786,12364622797,5050,5962,5960,5048,1111
787,12372855212,5055,5059,5086,-1,1110
788,11831942212,5533,5615,5064,5066,1111
789,11539431383,5072,5617,5613,5074,1111
790,11314098781,5077,5073,5534,5532,1111
791,11831942179,5099,5076,5078,5080,1111
792,12558218496,5091,5089,5244,5246,1111
793,22309770185,5742,5743,-1,5093,1101
794,12266103301,5152,5154,-1,5105,1101
795,22228397376,5595,5120,5117,5121,1111
796,14187103616,5124,-1,5715,5126,1011
797,32497297449,5646,5136,5133,-1,1110
798,22167350578,5491,5140,5137,5141,1111
799,12269073644,5149,5721,5733,5153,1111
800,12496185737,5163,5159,5337,5406,1111
801,24418305414,5177,5168,5853,-1,1110
802,23987262857,5484,-1,5173,5175,1011
803,12315562413,5181,5262,5264,5266,1111
804,12315616665,5202,5183,5204,5206,1111
805,22315610885,5200,5197,5201,5351,1111
806,12315610882,5356,5199,5291,5354,1111
807,12316954072,5203,5265,6007,5933,1111
808,22496053878,5703,5215,5296,-1,1110
809,22496154225,5336,5334,5222,5705,1111
810,12643652082,5243,5239,-1,5554,1101
811,12558218499,5846,5245,5848,5850,1111
812,22315562411,5270,5260,5255,5261,1111
813,22316953951,5256,-1,5342,5258,1011
814,12316953952,5263,5257,5344,5346,1111
815,12643609331,5326,5328,-1,5271,1101
816,12316953950,5931,5964,5961,5277,1111
817,21704581786,5282,-1,5572,5284,1011
818,22315564653,5289,5352,5288,5285,1111
819,22496185717,5547,-1,5299,5301,1011
820,22315561068,5324,5319,5325,5389,1111
821,32315566108,5378,5322,5320,-1,1110
822,12316951363,5343,5408,5959,6006,1111
823,12316947886,6008,5345,6005,5963,1111
824,12315612171,5941,-1,5355,5944,1011
825,22265998696,5362,5359,-1,5366,1101
826,22167350688,5360,5363,5434,-1,1110
827,12643566291,5421,5400,5398,-1,1110
828,12262704786,5522,5419,5524,-1,1110
829,22265998693,5433,5435,5464,-1,1110
830,22265531448,5683,5448,5443,5449,1111
831,22265531450,5444,5451,5536,5446,1111
832,22266618500,5462,5468,5465,-1,1110
833,12497196540,5474,5472,5470,-1,1110
834,12497196544,5479,6023,5473,-1,1110
835,12473122378,5476,-1,5478,5480,1011
836,14456471133,5477,6021,5511,6024,1111
837,24418307488,5694,-1,5483,5485,1011
838,12643652080,5847,5553,-1,5942,1101
839,22497300791,5562,5557,5563,5645,1111
840,22265609931,5575,-1,5560,5558,1011
841,12497303598,5559,5712,-1,5565,1101
842,12497295571,5566,5568,5570,5564,1111
843,27984081041,5630,5586,5581,5587,1111
844,34740201338,5582,-1,5693,5584,1011
845,72266101624,5724,5720,5638,5633,1111
846,11704581853,5639,5643,-1,5670,1101
847,21819484418,5719,-1,5794,5722,1011
848,22228436366,5723,5726,5773,-1,1110
849,42326743346,5755,5735,5737,5739,1111
850,22343078006,5914,5939,5744,5745,1111
851,22318148289,5762,5764,-1,5768,1101
852,12496185735,6011,-1,5800,5802,1011
853,42269046795,5825,5818,5813,5807,1111
854,12375800474,5833,5948,5950,-1,1110
855,12315612169,5949,5849,5943,5952,1111
856,12988802954,6003,5956,-1,5954,1101
857,12315561626,6002,5957,-1,6000,1101
858,12418989060,6016,5967,6018,-1,1110
